index,cluster_size,filename,jobid,nprocs,pct_byte_reads_enc,pct_byte_writes_enc,pct_reads_enc,pct_writes_enc,pct_seq_reads_enc,pct_seq_writes_enc,pct_consec_reads_enc,pct_consec_writes_enc,pct_rw_switches_enc,pct_file_not_aligned_enc,pct_mem_not_aligned_enc,pct_read_size_enc,pct_write_size_enc,pct_io_enc,share_enc,vol_share_enc,pct_bytes_mode_enc,pct_mode_enc,meta_dominant_enc,pct_byte_reads_cat,pct_byte_writes_cat,pct_reads_cat,pct_writes_cat,pct_seq_reads_cat,pct_seq_writes_cat,pct_consec_reads_cat,pct_consec_writes_cat,pct_rw_switches_cat,pct_file_not_aligned_cat,pct_mem_not_aligned_cat,pct_read_size_cat,pct_write_size_cat,pct_io_cat,share_cat,vol_share_cat,pct_bytes_mode_cat,pct_mode_cat,meta_dominant_cat,pct_file_not_aligned,pct_mem_not_aligned,pct_reads,pct_writes,pct_consec_reads,pct_consec_writes,pct_seq_reads,pct_seq_writes,pct_rw_switches,pct_byte_reads,pct_byte_writes,pct_io_access,pct_meta_open_access,pct_meta_stat_access,pct_meta_seek_access,pct_meta_sync_access,pct_read_0_100K,pct_read_100K_10M,pct_read_10M_1G_PLUS,pct_write_0_100K,pct_write_100K_10M,pct_write_10M_1G_PLUS,pct_shared_files,pct_bytes_shared_files,pct_unique_files,pct_bytes_unique_files,pct_read_only_files,pct_bytes_read_only_files,pct_read_write_files,pct_bytes_read_write_files,pct_write_only_files,pct_bytes_write_only_files,exe,uid,start_time,start_time_asci,end_time,end_time_asci,run_time,POSIX_ACCESS1_ACCESS,POSIX_ACCESS1_COUNT,POSIX_ACCESS2_ACCESS,POSIX_ACCESS2_COUNT,POSIX_ACCESS3_ACCESS,POSIX_ACCESS3_COUNT,POSIX_ACCESS4_ACCESS,POSIX_ACCESS4_COUNT,POSIX_BYTES_READ,POSIX_BYTES_WRITTEN,POSIX_CONSEC_READS,POSIX_CONSEC_WRITES,POSIX_DUPS,POSIX_FASTEST_RANK,POSIX_FASTEST_RANK_BYTES,POSIX_FDSYNCS,POSIX_FILENOS,POSIX_FILE_ALIGNMENT,POSIX_FILE_NOT_ALIGNED,POSIX_FSYNCS,POSIX_F_CLOSE_END_TIMESTAMP,POSIX_F_CLOSE_START_TIMESTAMP,POSIX_F_FASTEST_RANK_TIME,POSIX_F_MAX_READ_TIME,POSIX_F_MAX_WRITE_TIME,POSIX_F_META_TIME,POSIX_F_OPEN_END_TIMESTAMP,POSIX_F_OPEN_START_TIMESTAMP,POSIX_F_READ_END_TIMESTAMP,POSIX_F_READ_START_TIMESTAMP,POSIX_F_READ_TIME,POSIX_F_SLOWEST_RANK_TIME,POSIX_F_VARIANCE_RANK_BYTES,POSIX_F_VARIANCE_RANK_TIME,POSIX_F_WRITE_END_TIMESTAMP,POSIX_F_WRITE_START_TIMESTAMP,POSIX_F_WRITE_TIME,POSIX_MAX_BYTE_READ,POSIX_MAX_BYTE_WRITTEN,POSIX_MAX_READ_TIME_SIZE,POSIX_MAX_WRITE_TIME_SIZE,POSIX_MEM_ALIGNMENT,POSIX_MEM_NOT_ALIGNED,POSIX_MMAPS,POSIX_MODE,POSIX_OPENS,POSIX_READS,POSIX_RENAMED_FROM,POSIX_RENAME_SOURCES,POSIX_RENAME_TARGETS,POSIX_RW_SWITCHES,POSIX_SEEKS,POSIX_SEQ_READS,POSIX_SEQ_WRITES,POSIX_SIZE_READ_0_100,POSIX_SIZE_READ_100K_1M,POSIX_SIZE_READ_100M_1G,POSIX_SIZE_READ_100_1K,POSIX_SIZE_READ_10K_100K,POSIX_SIZE_READ_10M_100M,POSIX_SIZE_READ_1G_PLUS,POSIX_SIZE_READ_1K_10K,POSIX_SIZE_READ_1M_4M,POSIX_SIZE_READ_4M_10M,POSIX_SIZE_WRITE_0_100,POSIX_SIZE_WRITE_100K_1M,POSIX_SIZE_WRITE_100M_1G,POSIX_SIZE_WRITE_100_1K,POSIX_SIZE_WRITE_10K_100K,POSIX_SIZE_WRITE_10M_100M,POSIX_SIZE_WRITE_1G_PLUS,POSIX_SIZE_WRITE_1K_10K,POSIX_SIZE_WRITE_1M_4M,POSIX_SIZE_WRITE_4M_10M,POSIX_SLOWEST_RANK,POSIX_SLOWEST_RANK_BYTES,POSIX_STATS,POSIX_STRIDE1_COUNT,POSIX_STRIDE1_STRIDE,POSIX_STRIDE2_COUNT,POSIX_STRIDE2_STRIDE,POSIX_STRIDE3_COUNT,POSIX_STRIDE3_STRIDE,POSIX_STRIDE4_COUNT,POSIX_STRIDE4_STRIDE,POSIX_WRITES,POSIX_agg_perf_by_slowest,POSIX_agg_time_by_slowest,POSIX_file_type_read_only_file_count,POSIX_file_type_read_only_max_byte_offset,POSIX_file_type_read_only_total_bytes,POSIX_file_type_read_write_file_count,POSIX_file_type_read_write_max_byte_offset,POSIX_file_type_read_write_total_bytes,POSIX_file_type_shared_file_count,POSIX_file_type_shared_max_byte_offset,POSIX_file_type_shared_total_bytes,POSIX_file_type_total_file_count,POSIX_file_type_total_max_byte_offset,POSIX_file_type_total_total_bytes,POSIX_file_type_unique_file_count,POSIX_file_type_unique_max_byte_offset,POSIX_file_type_unique_total_bytes,POSIX_file_type_write_only_file_count,POSIX_file_type_write_only_max_byte_offset,POSIX_file_type_write_only_total_bytes,POSIX_shared_files_time_by_slowest,POSIX_total_bytes,POSIX_unique_files_slowest_rank,POSIX_unique_files_slowest_rank_io_time,POSIX_unique_files_slowest_rank_meta_only_time,POSIX_unique_files_slowest_rank_rw_only_time,MPIIO_ACCESS1_ACCESS,MPIIO_ACCESS1_COUNT,MPIIO_ACCESS2_ACCESS,MPIIO_ACCESS2_COUNT,MPIIO_ACCESS3_ACCESS,MPIIO_ACCESS3_COUNT,MPIIO_ACCESS4_ACCESS,MPIIO_ACCESS4_COUNT,MPIIO_BYTES_READ,MPIIO_BYTES_WRITTEN,MPIIO_COLL_OPENS,MPIIO_COLL_READS,MPIIO_COLL_WRITES,MPIIO_FASTEST_RANK,MPIIO_FASTEST_RANK_BYTES,MPIIO_F_CLOSE_END_TIMESTAMP,MPIIO_F_CLOSE_START_TIMESTAMP,MPIIO_F_FASTEST_RANK_TIME,MPIIO_F_MAX_READ_TIME,MPIIO_F_MAX_WRITE_TIME,MPIIO_F_META_TIME,MPIIO_F_OPEN_END_TIMESTAMP,MPIIO_F_OPEN_START_TIMESTAMP,MPIIO_F_READ_END_TIMESTAMP,MPIIO_F_READ_START_TIMESTAMP,MPIIO_F_READ_TIME,MPIIO_F_SLOWEST_RANK_TIME,MPIIO_F_VARIANCE_RANK_BYTES,MPIIO_F_VARIANCE_RANK_TIME,MPIIO_F_WRITE_END_TIMESTAMP,MPIIO_F_WRITE_START_TIMESTAMP,MPIIO_F_WRITE_TIME,MPIIO_HINTS,MPIIO_INDEP_OPENS,MPIIO_INDEP_READS,MPIIO_INDEP_WRITES,MPIIO_MAX_READ_TIME_SIZE,MPIIO_MAX_WRITE_TIME_SIZE,MPIIO_MODE,MPIIO_NB_READS,MPIIO_NB_WRITES,MPIIO_RW_SWITCHES,MPIIO_SIZE_READ_AGG_0_100,MPIIO_SIZE_READ_AGG_100K_1M,MPIIO_SIZE_READ_AGG_100M_1G,MPIIO_SIZE_READ_AGG_100_1K,MPIIO_SIZE_READ_AGG_10K_100K,MPIIO_SIZE_READ_AGG_10M_100M,MPIIO_SIZE_READ_AGG_1G_PLUS,MPIIO_SIZE_READ_AGG_1K_10K,MPIIO_SIZE_READ_AGG_1M_4M,MPIIO_SIZE_READ_AGG_4M_10M,MPIIO_SIZE_WRITE_AGG_0_100,MPIIO_SIZE_WRITE_AGG_100K_1M,MPIIO_SIZE_WRITE_AGG_100M_1G,MPIIO_SIZE_WRITE_AGG_100_1K,MPIIO_SIZE_WRITE_AGG_10K_100K,MPIIO_SIZE_WRITE_AGG_10M_100M,MPIIO_SIZE_WRITE_AGG_1G_PLUS,MPIIO_SIZE_WRITE_AGG_1K_10K,MPIIO_SIZE_WRITE_AGG_1M_4M,MPIIO_SIZE_WRITE_AGG_4M_10M,MPIIO_SLOWEST_RANK,MPIIO_SLOWEST_RANK_BYTES,MPIIO_SPLIT_READS,MPIIO_SPLIT_WRITES,MPIIO_SYNCS,MPIIO_VIEWS,MPIIO_agg_perf_by_slowest,MPIIO_agg_time_by_slowest,MPIIO_file_type_read_only_file_count,MPIIO_file_type_read_only_max_byte_offset,MPIIO_file_type_read_only_total_bytes,MPIIO_file_type_read_write_file_count,MPIIO_file_type_read_write_max_byte_offset,MPIIO_file_type_read_write_total_bytes,MPIIO_file_type_shared_file_count,MPIIO_file_type_shared_max_byte_offset,MPIIO_file_type_shared_total_bytes,MPIIO_file_type_total_file_count,MPIIO_file_type_total_max_byte_offset,MPIIO_file_type_total_total_bytes,MPIIO_file_type_unique_file_count,MPIIO_file_type_unique_max_byte_offset,MPIIO_file_type_unique_total_bytes,MPIIO_file_type_write_only_file_count,MPIIO_file_type_write_only_max_byte_offset,MPIIO_file_type_write_only_total_bytes,MPIIO_shared_files_time_by_slowest,MPIIO_total_bytes,MPIIO_unique_files_slowest_rank,MPIIO_unique_files_slowest_rank_io_time,MPIIO_unique_files_slowest_rank_meta_only_time,MPIIO_unique_files_slowest_rank_rw_only_time,STDIO_BYTES_READ,STDIO_BYTES_WRITTEN,STDIO_FASTEST_RANK,STDIO_FASTEST_RANK_BYTES,STDIO_FDOPENS,STDIO_FLUSHES,STDIO_F_CLOSE_END_TIMESTAMP,STDIO_F_CLOSE_START_TIMESTAMP,STDIO_F_FASTEST_RANK_TIME,STDIO_F_META_TIME,STDIO_F_OPEN_END_TIMESTAMP,STDIO_F_OPEN_START_TIMESTAMP,STDIO_F_READ_END_TIMESTAMP,STDIO_F_READ_START_TIMESTAMP,STDIO_F_READ_TIME,STDIO_F_SLOWEST_RANK_TIME,STDIO_F_VARIANCE_RANK_BYTES,STDIO_F_VARIANCE_RANK_TIME,STDIO_F_WRITE_END_TIMESTAMP,STDIO_F_WRITE_START_TIMESTAMP,STDIO_F_WRITE_TIME,STDIO_MAX_BYTE_READ,STDIO_MAX_BYTE_WRITTEN,STDIO_OPENS,STDIO_READS,STDIO_SEEKS,STDIO_SLOWEST_RANK,STDIO_SLOWEST_RANK_BYTES,STDIO_WRITES,STDIO_agg_perf_by_slowest,STDIO_agg_time_by_slowest,STDIO_file_type_read_only_file_count,STDIO_file_type_read_only_max_byte_offset,STDIO_file_type_read_only_total_bytes,STDIO_file_type_read_write_file_count,STDIO_file_type_read_write_max_byte_offset,STDIO_file_type_read_write_total_bytes,STDIO_file_type_shared_file_count,STDIO_file_type_shared_max_byte_offset,STDIO_file_type_shared_total_bytes,STDIO_file_type_total_file_count,STDIO_file_type_total_max_byte_offset,STDIO_file_type_total_total_bytes,STDIO_file_type_unique_file_count,STDIO_file_type_unique_max_byte_offset,STDIO_file_type_unique_total_bytes,STDIO_file_type_write_only_file_count,STDIO_file_type_write_only_max_byte_offset,STDIO_file_type_write_only_total_bytes,STDIO_shared_files_time_by_slowest,STDIO_total_bytes,STDIO_unique_files_slowest_rank,STDIO_unique_files_slowest_rank_io_time,STDIO_unique_files_slowest_rank_meta_only_time,STDIO_unique_files_slowest_rank_rw_only_time,total_bytes,ior_command
101,,0_ior_id63149-63149_4-9-58154-4142720254084026104_1.darshan,,,,,,,,,,,,,,,,,,,,,,,,,,,,,,,,,,,,,,,,,,,,,,,,,,,,,,,,,,,,,,,,,,,,,,,,,,,,,,,,28311552.0,4.0,0.0,0.0,0.0,0.0,0.0,0.0,,,3.0,0.0,0.0,0.0,113246208.0,0.0,0.0,4096.0,0.0,,0.0627400875091552,0.0627319812774658,0.0561859607696533,0.0204429626464843,0.0,2.264976501464844e-05,0.0065007209777832,0.006495714187622,0.0627198219299316,0.0065221786499023,0.0561633110046386,0.0561859607696533,0.0,0.0,0.0,0.0,0.0,113246207.0,0.0,28311552.0,0.0,8.0,0.0,-1.0,0.0,1024.0,,0.0,0.0,0.0,0.0,4.0,3.0,0.0,0.0,0.0,0.0,0.0,0.0,4.0,0.0,0.0,0.0,0.0,0.0,0.0,0.0,0.0,0.0,0.0,0.0,0.0,0.0,0.0,0.0,113246208.0,0.0,0.0,0.0,0.0,0.0,0.0,0.0,0.0,0.0,,,,,,,,,,,,,,,,,,,,,,,,,,,,,,,,,,,,,,,,,,,,,,,,,,,,,,,,,,,,,,,,,,,,,,,,,,,,,,,,,,,,,,,,,,,,,,,,,,,,,,,,,,,,,,,,,,,,,,,,,,0.0,384.0,0.0,384.0,0.0,7.0,0.0,0.0,5.6743621826171875e-05,0.0,0.0,0.0,0.0,0.0,0.0,5.6743621826171875e-05,0.0,0.0,0.0782701969146728,0.0002801418304443,5.6743621826171875e-05,0.0,383.0,1.0,0.0,0.0,0.0,384.0,13.0,,,,,,,,,,,,,,,,,,,,,,,,,,,,mpirun --allow-run-as-root -x LD_PRELOAD=/opt/darshan-install/lib/libdarshan.so -np 1 ior -a POSIX -b 27M -t 27M -s 4 -r -e -o /tmp/val_101.dat
7,,0_ior_id63193-63193_4-9-58156-8759591238537877196_1.darshan,,,,,,,,,,,,,,,,,,,,,,,,,,,,,,,,,,,,,,,,,0.0,0.0,0.5,0.5,7.248046875,0.0,7.248046875,0.0,0.0,0.5,0.5,,,,,,7.25,0.0,0.0,0.0,0.0,0.0,,,,,,,,,,,,,,,,,,32768.0,14848.0,0.0,0.0,0.0,0.0,0.0,0.0,33554432.0,33554432.0,14844.0,0.0,0.0,0.0,0.0,0.0,0.0,16384.0,0.0,,0.0309538841247558,0.0309438705444335,0.0,8.96453857421875e-05,0.0,0.0045893192291259,0.0019519329071044,0.001941442489624,0.0309326648712158,0.0020749568939208,0.0204715728759765,0.0,0.0,0.0,0.0,0.0,0.0,121634812.0,0.0,32768.0,0.0,32.0,0.0,-4.0,0.0,4096.0,2048.0,0.0,0.0,0.0,0.0,14848.0,14844.0,0.0,0.0,0.0,0.0,0.0,0.0,0.0,0.0,14848.0,0.0,0.0,0.0,0.0,0.0,0.0,0.0,0.0,0.0,0.0,0.0,0.0,0.0,0.0,,0.0,0.0,0.0,0.0,0.0,0.0,0.0,0.0,2048.0,,,,,,,,,,,,,,,,,,,,,,,,,,,,,,,,,,,,,,,,,,,,,,,,,,,,,,,,,,,,,,,,,,,,,,,,,,,,,,,,,,,,,,,,,,,,,,,,,,,,,,,,,,,,,,,,,,,,,,,,,0.0,384.0,0.0,0.0,0.0,7.0,0.0,0.0,0.0,0.0,0.0,0.0,0.0,0.0,0.0,0.0,0.0,0.0,0.0104815959930419,0.0003113746643066,2.9802322387695312e-05,0.0,383.0,1.0,0.0,0.0,0.0,0.0,13.0,,,,,,,,,,,,,,,,,,,,,,,,,,,,mpirun --allow-run-as-root -x LD_PRELOAD=/opt/darshan-install/lib/libdarshan.so -np 4 ior -a POSIX -b 29m -t 8k -s 1 -F -r -C -e -o /tmp/val_7
18,,0_ior_id63225-63225_4-9-58156-14639634028540090117_1.darshan,,,,,,,,,,,,,,,,,,,,,,,,,,,,,,,,,,,,,,,,,0.0,0.0,0.5,0.5,0.0,0.005859375,0.0,0.005859375,0.0,0.5,0.5,,,,,,0.0,0.0,0.0,0.0,0.0,0.0078125,,,,,,,,,,,,,,,,,,179306496.0,4.0,0.0,0.0,0.0,0.0,0.0,0.0,33554432.0,33554432.0,0.0,3.0,0.0,0.0,717225984.0,0.0,0.0,4096.0,0.0,,0.7158150672912598,0.7158045768737793,0.6735739707946777,0.0,0.0826284885406494,3.7670135498046875e-05,0.0421867370605468,0.0421679019927978,0.0,0.0,0.0,0.6735739707946777,0.0,0.0,0.3184127807617187,0.0422108173370361,0.6735363006591797,0.0,717225983.0,0.0,179306496.0,8.0,0.0,-1.0,436.0,1024.0,512.0,0.0,0.0,0.0,0.0,4.0,0.0,3.0,0.0,0.0,0.0,0.0,0.0,0.0,0.0,0.0,0.0,0.0,0.0,0.0,4.0,0.0,0.0,0.0,0.0,0.0,0.0,0.0,0.0,717225984.0,,0.0,0.0,0.0,0.0,0.0,0.0,0.0,0.0,512.0,,,,,,,,,,,,,,,,,,,,,,,,,,,,,,,,,,,,,,,,,,,,,,,,,,,,,,,,,,,,,,,,,,,,,,,,,,,,,,,,,,,,,,,,,,,,,,,,,,,,,,,,,,,,,,,,,,,,,,,,,0.0,384.0,0.0,384.0,0.0,8.0,0.0,0.0,3.743171691894531e-05,0.0,0.0,0.0,0.0,0.0,0.0,3.743171691894531e-05,0.0,0.0,0.7162392139434814,0.0001571178436279,3.743171691894531e-05,0.0,383.0,1.0,0.0,0.0,0.0,384.0,13.0,,,,,,,,,,,,,,,,,,,,,,,,,,,,mpirun --allow-run-as-root -x LD_PRELOAD=/opt/darshan-install/lib/libdarshan.so -np 1 ior -a POSIX -b 171M -t 171M -s 4 -w -e -o /tmp/val_18_w.dat -k
20,,0_ior_id63324-63324_4-9-58163-16775590220094090314_1.darshan,,,,,,,,,,,,,,,,,,,,,,,,,,,,,,,,,,,,,,,,,,,,,,0.0029296875,,0.0029296875,,,,,,,,,,,,0.0,0.0,0.00390625,,,,,,,,,,,,,,,,,,536870912.0,4.0,0.0,0.0,0.0,0.0,0.0,0.0,,4194304.0,0.0,3.0,0.0,0.0,2147483648.0,0.0,0.0,4096.0,0.0,,1.82039475440979,1.8203895092010496,1.781354904174805,0.0,0.2077772617340088,7.009506225585938e-05,0.0389833450317382,0.0389268398284912,0.0,0.0,0.0,1.781354904174805,0.0,0.0,0.7852051258087158,0.0390186309814453,1.7812848091125488,0.0,2147483647.0,0.0,536870912.0,8.0,0.0,-1.0,436.0,1024.0,,0.0,0.0,0.0,0.0,4.0,0.0,3.0,0.0,0.0,0.0,0.0,0.0,0.0,0.0,0.0,0.0,0.0,0.0,0.0,4.0,0.0,0.0,0.0,0.0,0.0,0.0,0.0,0.0,2147483648.0,,0.0,0.0,0.0,0.0,0.0,0.0,0.0,0.0,1024.0,,,,,,,,,,,,,,,,,,,,,,,,,,,,,,,,,,,,,,,,,,,,,,,,,,,,,,,,,,,,,,,,,,,,,,,,,,,,,,,,,,,,,,,,,,,,,,,,,,,,,,,,,,,,,,,,,,,,,,,,,0.0,384.0,0.0,384.0,0.0,7.0,0.0,0.0,4.9591064453125e-05,0.0,0.0,0.0,0.0,0.0,0.0,4.9591064453125e-05,0.0,0.0,1.8212387561798096,0.0001418590545654,4.9591064453125e-05,0.0,383.0,1.0,0.0,0.0,0.0,384.0,13.0,,,,,,,,,,,,,,,,,,,,,,,,,,,,mpirun --allow-run-as-root -x LD_PRELOAD=/opt/darshan-install/lib/libdarshan.so -np 1 ior -a POSIX -b 512M -t 512M -s 4 -w -e -o /tmp/val_20.dat -k
192,,0_ior_id63373-63373_4-9-58166-2879010767472074837_1.darshan,,,,,,,,,,,,,,,,,,,,,,,,,,,,,,,,,,,,,,,,,,,,,,,,,,,,,,,,,,,,,,,,,,,,,,,,,,,,,,,,536870992.0,22.0,39845888.0,19.0,0.0,0.0,0.0,0.0,,,0.0,37.0,0.0,0.0,10957619320.0,0.0,0.0,20480.0,0.0,,35.30600309371948,17.76352047920227,8.640726804733276,0.0,0.4986903667449951,0.0003211498260498,35.305880546569824,8.994757175445557,0.0,0.0,0.0,8.640726804733276,0.0,0.0,16.437913417816162,8.904989242553711,8.640405654907227,0.0,10957619277.0,0.0,536870992.0,40.0,0.0,-5.0,2100.0,1024.0,,0.0,0.0,0.0,0.0,2.0,0.0,37.0,0.0,0.0,0.0,0.0,0.0,0.0,0.0,0.0,0.0,0.0,3.0,0.0,19.0,0.0,0.0,19.0,0.0,0.0,0.0,0.0,0.0,10957619320.0,0.0,0.0,0.0,0.0,0.0,0.0,0.0,0.0,0.0,,,,,,,,,,,,,,,,,,,,,,,,,,,,576716800.0,19.0,0.0,0.0,0.0,0.0,0.0,0.0,0.0,10957619200.0,0.0,0.0,19.0,0.0,10957619200.0,8.815271139144897,8.813544511795044,8.769042253494263,0.0,0.5769634246826172,0.0014145374298095,8.815250873565674,0.0450820922851562,0.0,0.0,0.0,8.769042253494263,0.0,0.0,7.577531576156616,0.0452992916107177,8.767627716064453,3.0,3.0,0.0,0.0,0.0,576716800.0,34.0,0.0,0.0,0.0,0.0,0.0,0.0,0.0,0.0,0.0,0.0,0.0,0.0,0.0,0.0,0.0,19.0,0.0,0.0,0.0,0.0,0.0,0.0,0.0,0.0,10957619200.0,0.0,0.0,1.0,0.0,,,,,,,,,,,,,,,,,,,,,,,,,,,0.0,384.0,0.0,384.0,0.0,7.0,0.0,0.0,4.696846008300781e-05,0.0,0.0,0.0,0.0,0.0,0.0,4.696846008300781e-05,0.0,0.0,9.086304426193236,0.0001807212829589,4.696846008300781e-05,0.0,383.0,1.0,0.0,0.0,0.0,384.0,13.0,,,,,,,,,,,,,,,,,,,,,,,,,,,,mpirun --allow-run-as-root -x LD_PRELOAD=/opt/darshan-install/lib/libdarshan.so -np 1 ior -a MPIIO -b 550M -t 550M -s 19 -w -c -e -o /tmp/val_192.dat
331,,0_ior_id63479-63479_4-9-58177-1971791019749686786_1.darshan,,,,,,,,,,,,,,,,,,,,,,,,,,,,,,,,,,,,,,,,,0.0,0.0,0.5,0.5,59.984375,0.0,59.984375,0.0,0.0,0.5,0.5,,,,,,60.0,0.0,0.0,0.0,0.0,0.0,,,,,,,,,,,,,,,,,,32768.0,15360.0,0.0,0.0,0.0,0.0,0.0,0.0,268435456.0,268435456.0,15356.0,0.0,0.0,0.0,0.0,0.0,0.0,16384.0,0.0,,0.0378856658935546,0.0378756523132324,0.0,6.866455078125e-05,0.0,0.0047035217285156,0.0057401657104492,0.005730390548706,0.0378620624542236,0.005857229232788,0.0233137607574462,0.0,0.0,0.0,0.0,0.0,0.0,125829116.0,0.0,32768.0,0.0,32.0,0.0,-4.0,0.0,512.0,256.0,0.0,0.0,0.0,0.0,15360.0,15356.0,0.0,0.0,0.0,0.0,0.0,0.0,0.0,0.0,15360.0,0.0,0.0,0.0,0.0,0.0,0.0,0.0,0.0,0.0,0.0,0.0,0.0,0.0,0.0,,0.0,0.0,0.0,0.0,0.0,0.0,0.0,0.0,256.0,,,,,,,,,,,,,,,,,,,,,,,,,,,,,,,,,,,,,,,,,,,,,,,,,,,,,,,,,,,,,,,,,,,,,,,,,,,,,,,,,,,,,,,,,,,,,,,,,,,,,,,,,,,,,,,,,,,,,,,,,0.0,384.0,0.0,0.0,0.0,7.0,0.0,0.0,0.0,0.0,0.0,0.0,0.0,0.0,0.0,0.0,0.0,0.0,0.011758804321289,0.001601219177246,3.933906555175781e-05,0.0,383.0,1.0,0.0,0.0,0.0,0.0,13.0,,,,,,,,,,,,,,,,,,,,,,,,,,,,mpirun --allow-run-as-root -x LD_PRELOAD=/opt/darshan-install/lib/libdarshan.so -np 4 ior -a POSIX -b 30M -t 8K -s 1 -F -r -C -e -o /tmp/val_331.dat
47,,0_ior_id63508-63508_4-9-58178-18211771144128325971_1.darshan,,,,,,,,,,,,,,,,,,,,,,,,,,,,,,,,,,,,,,,,,,,,,,,,,,,,,,,,,,,,,,,,,,,,,,,,,,,,,,,,16777216.0,40.0,0.0,0.0,0.0,0.0,0.0,0.0,,,0.0,0.0,0.0,22.0,16777216.0,0.0,0.0,4096.0,0.0,,0.4040629863739013,0.0829174518585205,0.0428922176361084,0.0,0.3419327735900879,0.000781774520874,0.0477907657623291,0.0399627685546875,0.0,0.0,0.0,0.3572399616241455,0.0,0.01058859016918,0.3896265029907226,0.040022850036621,8.599835634231567,0.0,671088639.0,0.0,16777216.0,8.0,0.0,-1.0,436.0,8192.0,,0.0,0.0,0.0,0.0,40.0,0.0,39.0,0.0,0.0,0.0,0.0,0.0,0.0,0.0,0.0,0.0,0.0,0.0,0.0,0.0,0.0,0.0,40.0,0.0,0.0,0.0,0.0,33.0,16777216.0,0.0,0.0,0.0,0.0,0.0,0.0,0.0,0.0,0.0,,,,,,,,,,,,,,,,,,,,,,,,,,,,,,,,,,,,,,,,,,,,,,,,,,,,,,,,,,,,,,,,,,,,,,,,,,,,,,,,,,,,,,,,,,,,,,,,,,,,,,,,,,,,,,,,,,,,,,,,,,0.0,384.0,0.0,0.0,0.0,7.0,0.0,0.0,0.0,0.0,0.0,0.0,0.0,0.0,0.0,0.0,0.0,0.0,0.4432466030120849,0.0035569667816162,0.0001521110534667,0.0,383.0,1.0,0.0,0.0,0.0,0.0,13.0,,,,,,,,,,,,,,,,,,,,,,,,,,,,mpirun --allow-run-as-root --oversubscribe -x LD_PRELOAD=/opt/darshan-install/lib/libdarshan.so -np 40 ior -a POSIX -b 16M -t 16M -s 1 -w -e -o /tmp/val_47.dat
48,,0_ior_id63644-63644_4-9-58179-17071008201813897629_1.darshan,,,,,,,,,,,,,,,,,,,,,,,,,,,,,,,,,,,,,,,,,,,,,,,,,,,,,,,,,,,,,,,,,,,,,,,,,,,,,,,,16777296.0,263.0,0.0,0.0,0.0,0.0,0.0,0.0,,,0.0,240.0,0.0,12.0,0.0,0.0,0.0,143360.0,0.0,,19.834166288375854,10.381336212158203,0.6801249980926514,0.0,0.1261906623840332,0.001535415649414,19.8329439163208,5.664605140686035,0.0,0.0,0.0,4.4699788093566895,5.2028890226360326e+17,1.5089610696494116,8.761268138885498,4.801944971084595,19.16807222366333,0.0,4362076237.0,0.0,16777296.0,280.0,0.0,-35.0,14280.0,2048.0,,0.0,0.0,0.0,0.0,2.0,0.0,259.0,0.0,0.0,0.0,0.0,0.0,0.0,0.0,0.0,0.0,0.0,3.0,0.0,0.0,0.0,0.0,260.0,0.0,0.0,0.0,0.0,8.0,2181038120.0,0.0,18.0,218103808.0,0.0,0.0,0.0,0.0,0.0,0.0,,,,,,,,,,,,,,,,,,,,,,,,,,,,27262976.0,160.0,0.0,0.0,0.0,0.0,0.0,0.0,0.0,4362076160.0,16.0,0.0,160.0,9.0,272629760.0,4.74511981010437,4.73889684677124,4.715239763259888,0.0,0.6378324031829834,0.1114020347595214,4.745085000991821,0.0232036113739013,0.0,0.0,0.0,4.719088077545166,1.419215803595255e-16,1.0847210949460266e-06,3.9887619018554688,0.0283107757568359,75.36950898170471,18.0,2.0,0.0,0.0,0.0,27262976.0,37.0,0.0,0.0,0.0,0.0,0.0,0.0,0.0,0.0,0.0,0.0,0.0,0.0,0.0,0.0,0.0,0.0,0.0,0.0,160.0,0.0,0.0,0.0,0.0,0.0,272629760.0,0.0,0.0,16.0,0.0,,,,,,,,,,,,,,,,,,,,,,,,,,,0.0,384.0,0.0,0.0,0.0,7.0,0.0,0.0,0.0,0.0,0.0,0.0,0.0,0.0,0.0,0.0,0.0,0.0,5.011820316314697,0.0014679431915283,4.38690185546875e-05,0.0,383.0,1.0,0.0,0.0,0.0,0.0,13.0,,,,,,,,,,,,,,,,,,,,,,,,,,,,mpirun --allow-run-as-root --oversubscribe -x LD_PRELOAD=/opt/darshan-install/lib/libdarshan.so -np 16 ior -a MPIIO -b 26M -t 26M -s 10 -w -c -e -o /tmp/val_48.dat
74,,0_ior_id63745-63745_4-9-58184-14730869094490466158_1.darshan,,,,,,,,,,,,,,,,,,,,,,,,,,,,,,,,,,,,,,,,,,,,,,6.828125,,6.828125,,,,,,,,,,,,6.8359375,0.0,0.0,,,,,,,,,,,,,,,,,,98304.0,875.0,0.0,0.0,0.0,0.0,0.0,0.0,,8388608.0,0.0,874.0,0.0,0.0,86016000.0,0.0,0.0,4096.0,0.0,128.0,0.0642318725585937,0.0642263889312744,0.0635581016540527,0.0,0.0002558231353759,0.00028657913208,0.0003635883331298,0.0003526210784912,0.0,0.0,0.0,0.0635581016540527,0.0,0.0,0.0222835540771484,0.0003726482391357,0.0632715225219726,0.0,86015999.0,0.0,98304.0,8.0,0.0,-1.0,436.0,128.0,,0.0,0.0,0.0,0.0,875.0,0.0,874.0,0.0,0.0,0.0,0.0,0.0,0.0,0.0,0.0,0.0,0.0,0.0,0.0,0.0,0.0,875.0,0.0,0.0,0.0,0.0,0.0,0.0,86016000.0,,0.0,0.0,0.0,0.0,0.0,0.0,0.0,0.0,128.0,,,,,,,,,,,,,,,,,,,,,,,,,,,,,,,,,,,,,,,,,,,,,,,,,,,,,,,,,,,,,,,,,,,,,,,,,,,,,,,,,,,,,,,,,,,,,,,,,,,,,,,,,,,,,,,,,,,,,,,,,0.0,384.0,0.0,384.0,0.0,7.0,0.0,0.0,2.574920654296875e-05,0.0,0.0,0.0,0.0,0.0,0.0,2.574920654296875e-05,0.0,0.0,0.0642955303192138,0.0001633167266845,2.574920654296875e-05,0.0,383.0,1.0,0.0,0.0,0.0,384.0,13.0,,,,,,,,,,,,,,,,,,,,,,,,,,,,mpirun --allow-run-as-root -x LD_PRELOAD=/opt/darshan-install/lib/libdarshan.so -np 1 ior -a POSIX -b 96K -t 96K -s 875 -w -e -o /tmp/val_74.dat -k
28,,0_ior_id63773-63773_4-9-58186-17488582741665606688_1.darshan,,,,,,,,,,,,,,,,,,,,,,,,,,,,,,,,,,,,,,,,,,,,,,0.966796875,,0.966796875,,,,,,,,,,,,0.0,0.0,0.9677734375,,,,,,,,,,,,,,,,,,77594624.0,991.0,0.0,0.0,0.0,0.0,0.0,0.0,,4194304.0,0.0,990.0,0.0,0.0,76896272384.0,0.0,0.0,4096.0,0.0,,107.19809222221376,107.19808220863342,107.165100812912,0.0,4.838030576705933,0.0038707256317138,0.0076117515563964,0.0075955390930175,0.0,0.0,0.0,107.165100812912,0.0,0.0,96.9385621547699,0.0076296329498291,107.16123008728027,0.0,76896272383.0,0.0,77594624.0,8.0,0.0,-1.0,436.0,1024.0,,0.0,0.0,0.0,0.0,991.0,0.0,990.0,0.0,0.0,0.0,0.0,0.0,0.0,0.0,0.0,0.0,0.0,0.0,0.0,0.0,0.0,0.0,991.0,0.0,0.0,0.0,0.0,0.0,76896272384.0,,0.0,0.0,0.0,0.0,0.0,0.0,0.0,0.0,1024.0,,,,,,,,,,,,,,,,,,,,,,,,,,,,,,,,,,,,,,,,,,,,,,,,,,,,,,,,,,,,,,,,,,,,,,,,,,,,,,,,,,,,,,,,,,,,,,,,,,,,,,,,,,,,,,,,,,,,,,,,,0.0,384.0,0.0,384.0,0.0,7.0,0.0,0.0,4.744529724121094e-05,0.0,0.0,0.0,0.0,0.0,0.0,4.744529724121094e-05,0.0,0.0,107.9157576560974,0.0001411437988281,4.744529724121094e-05,0.0,383.0,1.0,0.0,0.0,0.0,384.0,13.0,,,,,,,,,,,,,,,,,,,,,,,,,,,,mpirun --allow-run-as-root -x LD_PRELOAD=/opt/darshan-install/lib/libdarshan.so -np 1 ior -a POSIX -b 74M -t 74M -s 991 -w -e -o /tmp/val_28_w.dat
252,,0_ior_id64764-64764_4-9-58298-1091736306356266945_1.darshan,,,,,,,,,,,,,,,,,,,,,,,,,,,,,,,,,,,,,,,,,,,,,,,,,,,,,,,,,,,,,,,,,,,,,,,,,,,,,,,,359661568.0,2.0,0.0,0.0,0.0,0.0,0.0,0.0,,,1.0,0.0,0.0,0.0,719323136.0,0.0,0.0,4096.0,0.0,,0.2052175998687744,0.2052133083343505,0.1785764694213867,0.0918459892272949,0.0,1.5974044799804688e-05,0.0266013145446777,0.0265915393829345,0.205204963684082,0.02663254737854,0.1785604953765869,0.1785764694213867,0.0,0.0,0.0,0.0,0.0,719323135.0,0.0,359661568.0,0.0,8.0,0.0,-1.0,0.0,1024.0,,0.0,0.0,0.0,0.0,2.0,1.0,0.0,0.0,0.0,2.0,0.0,0.0,0.0,0.0,0.0,0.0,0.0,0.0,0.0,0.0,0.0,0.0,0.0,0.0,0.0,0.0,0.0,0.0,719323136.0,0.0,0.0,0.0,0.0,0.0,0.0,0.0,0.0,0.0,,,,,,,,,,,,,,,,,,,,,,,,,,,,,,,,,,,,,,,,,,,,,,,,,,,,,,,,,,,,,,,,,,,,,,,,,,,,,,,,,,,,,,,,,,,,,,,,,,,,,,,,,,,,,,,,,,,,,,,,,,0.0,384.0,0.0,384.0,0.0,7.0,0.0,0.0,4.9591064453125e-05,0.0,0.0,0.0,0.0,0.0,0.0,4.9591064453125e-05,0.0,0.0,0.2355432510375976,0.0001418590545654,4.9591064453125e-05,0.0,383.0,1.0,0.0,0.0,0.0,384.0,13.0,,,,,,,,,,,,,,,,,,,,,,,,,,,,mpirun --allow-run-as-root -x LD_PRELOAD=/opt/darshan-install/lib/libdarshan.so -np 1 ior -a POSIX -b 343M -t 343M -s 2 -r -e -o /tmp/val_252.dat
249,,0_ior_id64784-64784_4-9-58299-5942086146283705328_1.darshan,,,,,,,,,,,,,,,,,,,,,,,,,,,,,,,,,,,,,,,,,,,,,,,,,,,,,,,,,,,,,,,,,,,,,,,,,,,,,,,,1048656.0,17603.0,0.0,0.0,0.0,0.0,0.0,0.0,,,0.0,0.0,0.0,57.0,288358400.0,0.0,0.0,536576.0,0.0,,76.43096446990967,41.82247304916382,14.58101725578308,0.0,0.6294775009155273,0.0055367946624755,76.42004895210266,24.544479608535767,0.0,0.0,0.0,17.237804651260376,24.609375,0.5032046737420548,33.56773853302002,17.415067672729492,1046.283467054367,0.0,18454937677.0,0.0,1048656.0,1048.0,0.0,-131.0,54600.0,4096.0,,0.0,0.0,0.0,0.0,2.0,0.0,17599.0,0.0,0.0,0.0,0.0,0.0,0.0,0.0,0.0,0.0,0.0,3.0,17600.0,0.0,0.0,0.0,0.0,0.0,0.0,0.0,0.0,17.0,288358440.0,0.0,17536.0,66060288.0,0.0,0.0,0.0,0.0,0.0,0.0,,,,,,,,,,,,,,,,,,,,,,,,,,,,1048576.0,17600.0,0.0,0.0,0.0,0.0,0.0,0.0,0.0,18454937600.0,64.0,0.0,0.0,29.0,288358400.0,17.324350357055664,17.30340886116028,17.141235828399658,0.0,0.6294589042663574,1.4644737243652344,17.318491458892822,0.0328676700592041,0.0,0.0,0.0,17.275250911712646,0.0,0.0002707394452534,16.202739238739014,0.0526990890502929,1103.660855770111,66.0,2.0,0.0,17600.0,0.0,1048576.0,37.0,0.0,0.0,0.0,0.0,0.0,0.0,0.0,0.0,0.0,0.0,0.0,0.0,0.0,0.0,17600.0,0.0,0.0,0.0,0.0,0.0,0.0,0.0,0.0,0.0,288358400.0,0.0,0.0,64.0,0.0,,,,,,,,,,,,,,,,,,,,,,,,,,,0.0,384.0,0.0,0.0,0.0,7.0,0.0,0.0,0.0,0.0,0.0,0.0,0.0,0.0,0.0,0.0,0.0,0.0,17.803945064544678,0.0241265296936035,9.608268737792967e-05,0.0,383.0,1.0,0.0,0.0,0.0,0.0,13.0,,,,,,,,,,,,,,,,,,,,,,,,,,,,mpirun --allow-run-as-root --oversubscribe -x LD_PRELOAD=/opt/darshan-install/lib/libdarshan.so -np 64 ior -a MPIIO -b 1M -t 1M -s 275 -w -e -o /tmp/val_249.dat
236,,0_ior_id65130-65130_4-9-58318-6059888561179660065_1.darshan,,,,,,,,,,,,,,,,,,,,,,,,,,,,,,,,,,,,,,,,,,,,,,0.0224609375,,0.0224609375,,,,,,,,,,,,0.0,0.0,0.0234375,,,,,,,,,,,,,,,,,,48234496.0,24.0,0.0,0.0,0.0,0.0,0.0,0.0,,4194304.0,0.0,23.0,0.0,0.0,1157627904.0,0.0,0.0,4096.0,0.0,,0.9304468631744384,0.9304401874542236,0.9178102016448976,0.0,0.0347945690155029,6.747245788574219e-05,0.0124812126159667,0.0124661922454833,0.0,0.0,0.0,0.9178102016448976,0.0,0.0,0.4456865787506103,0.0125024318695068,0.9177427291870116,0.0,1157627903.0,0.0,48234496.0,8.0,0.0,-1.0,436.0,1024.0,,0.0,0.0,0.0,0.0,24.0,0.0,23.0,0.0,0.0,0.0,0.0,0.0,0.0,0.0,0.0,0.0,0.0,0.0,0.0,0.0,0.0,0.0,24.0,0.0,0.0,0.0,0.0,0.0,1157627904.0,,0.0,0.0,0.0,0.0,0.0,0.0,0.0,0.0,1024.0,,,,,,,,,,,,,,,,,,,,,,,,,,,,,,,,,,,,,,,,,,,,,,,,,,,,,,,,,,,,,,,,,,,,,,,,,,,,,,,,,,,,,,,,,,,,,,,,,,,,,,,,,,,,,,,,,,,,,,,,,0.0,384.0,0.0,384.0,0.0,7.0,0.0,0.0,4.5299530029296875e-05,0.0,0.0,0.0,0.0,0.0,0.0,4.5299530029296875e-05,0.0,0.0,0.9743986129760742,0.0002155303955078,4.5299530029296875e-05,0.0,383.0,1.0,0.0,0.0,0.0,384.0,13.0,,,,,,,,,,,,,,,,,,,,,,,,,,,,mpirun --allow-run-as-root -x LD_PRELOAD=/opt/darshan-install/lib/libdarshan.so -np 1 ior -a POSIX -b 46M -t 46M -s 24 -w -e -o /tmp/val_236.dat
237,,0_ior_id65153-65153_4-9-58319-4700181799532401070_1.darshan,,,,,,,,,,,,,,,,,,,,,,,,,,,,,,,,,,,,,,,,,,,,,,,,,,,,,,,,,,,,,,,,,,,,,,,,,,,,,,,,4096.0,2048.0,0.0,0.0,0.0,0.0,0.0,0.0,,,0.0,0.0,0.0,8.0,262144.0,0.0,0.0,4096.0,0.0,,0.0524046421051025,0.0512058734893798,0.0423560142517089,0.0,0.0048267841339111,0.0010733604431152,0.0099432468414306,0.003596544265747,0.0,0.0,0.0,0.0478746891021728,0.0,3.3066734788089747e-06,0.0133965015411376,0.0036354064941406,1.4378442764282229,0.0,8388607.0,0.0,4096.0,8.0,0.0,-1.0,436.0,0.0,,0.0,0.0,0.0,0.0,2048.0,0.0,2047.0,0.0,0.0,0.0,0.0,0.0,0.0,0.0,0.0,0.0,0.0,0.0,0.0,0.0,0.0,0.0,0.0,0.0,2048.0,0.0,0.0,30.0,262144.0,0.0,2016.0,126976.0,0.0,0.0,0.0,0.0,0.0,0.0,,,,,,,,,,,,,,,,,,,,,,,,,,,,,,,,,,,,,,,,,,,,,,,,,,,,,,,,,,,,,,,,,,,,,,,,,,,,,,,,,,,,,,,,,,,,,,,,,,,,,,,,,,,,,,,,,,,,,,,,,,0.0,384.0,0.0,0.0,0.0,7.0,0.0,0.0,0.0,0.0,0.0,0.0,0.0,0.0,0.0,0.0,0.0,0.0,0.05387544631958,0.0034446716308593,7.534027099609375e-05,0.0,383.0,1.0,0.0,0.0,0.0,0.0,13.0,,,,,,,,,,,,,,,,,,,,,,,,,,,,mpirun --allow-run-as-root --oversubscribe -x LD_PRELOAD=/opt/darshan-install/lib/libdarshan.so -np 32 ior -a POSIX -b 4K -t 4K -s 64 -w -e -o /tmp/val_237_w.dat
344,,0_ior_id65505-65505_4-9-58324-9138893431370375882_1.darshan,,,,,,,,,,,,,,,,,,,,,,,,,,,,,,,,,,,,,,,,,,,,,,,,,,,,,,,,,,,,,,,,,,,,,,,,,,,,,,,,47710208.0,1664.0,0.0,0.0,0.0,0.0,0.0,0.0,,,0.0,1600.0,0.0,0.0,0.0,0.0,0.0,262144.0,0.0,,34.307318687438965,34.30704212188721,0.0,0.0,0.8055605888366699,1.3897275924682615,3.200927734375,1.8138494491577148,0.0,0.0,0.0,0.0,0.0,0.0,5.405717849731445,3.208540439605713,31.082818508148193,0.0,1240465344.0,0.0,47710208.0,512.0,0.0,-64.0,27904.0,4096.0,,0.0,0.0,0.0,0.0,1664.0,0.0,1600.0,0.0,0.0,0.0,0.0,0.0,0.0,0.0,0.0,0.0,0.0,0.0,1664.0,0.0,0.0,0.0,0.0,0.0,0.0,0.0,0.0,0.0,0.0,0.0,0.0,0.0,0.0,0.0,0.0,0.0,0.0,0.0,,,,,,,,,,,,,,,,,,,,,,,,,,,,,,,,,,,,,,,,,,,,,,,,,,,,,,,,,,,,,,,,,,,,,,,,,,,,,,,,,,,,,,,,,,,,,,,,,,,,,,,,,,,,,,,,,,,,,,,,,,0.0,384.0,0.0,0.0,0.0,7.0,0.0,0.0,0.0,0.0,0.0,0.0,0.0,0.0,0.0,0.0,0.0,0.0,0.5704967975616455,0.0083708763122558,0.0002088546752929,0.0,383.0,1.0,0.0,0.0,0.0,0.0,13.0,,,,,,,,,,,,,,,,,,,,,,,,,,,,mpirun --allow-run-as-root --oversubscribe -x LD_PRELOAD=/opt/darshan-install/lib/libdarshan.so -np 64 ior -a POSIX -b 728K -t 728K -s 26 -w -F -e -o /tmp/val_344_w.dat
50,,0_ior_id66138-66138_4-9-58327-7566684881701473995_1.darshan,,,,,,,,,,,,,,,,,,,,,,,,,,,,,,,,,,,,,,,,,,,,,,,,,,0.5,0.5,,,,,,,,,,,,,,,,,,,,,,,,,,,,,536870992.0,10.0,293601280.0,4.0,0.0,0.0,0.0,0.0,33554432.0,33554432.0,0.0,8.0,0.0,4.0,1367343104.0,0.0,0.0,45056.0,0.0,,24.029165029525757,14.659658670425417,4.129892587661743,0.0,1.976322650909424,0.0008096694946289,24.028486728668213,9.988269090652466,0.0,0.0,0.0,4.668940305709839,299.99999999999994,0.0398635725068743,10.435444831848145,6.129020690917969,17.518091678619385,0.0,5469372493.0,0.0,536870992.0,88.0,0.0,-11.0,4200.0,2048.0,,0.0,0.0,0.0,0.0,2.0,0.0,11.0,0.0,0.0,0.0,0.0,0.0,0.0,0.0,0.0,0.0,0.0,2.0,0.0,12.0,0.0,0.0,0.0,0.0,0.0,0.0,0.0,0.0,1367343144.0,,0.0,0.0,0.0,0.0,0.0,0.0,0.0,0.0,,,,,,,,,,,,,,,,,,,,,,,,,,,,1367343104.0,4.0,0.0,0.0,0.0,0.0,0.0,0.0,0.0,5469372416.0,4.0,0.0,0.0,1.0,1367343104.0,5.157361745834351,5.155884504318237,4.670553922653198,0.0,4.306484937667847,0.009134292602539,5.157188892364502,0.4845175743103027,0.0,0.0,0.0,4.6724419593811035,0.0,4.657672825203462e-07,4.792603015899658,0.4861180782318115,18.677425146102905,5.0,1.0,0.0,4.0,0.0,1367343104.0,37.0,0.0,0.0,0.0,0.0,0.0,0.0,0.0,0.0,0.0,0.0,0.0,0.0,0.0,0.0,0.0,0.0,0.0,0.0,0.0,4.0,0.0,0.0,0.0,0.0,1367343104.0,0.0,0.0,4.0,0.0,,,,,,,,,,,,,,,,,,,,,,,,,,,0.0,384.0,0.0,0.0,0.0,7.0,0.0,0.0,0.0,0.0,0.0,0.0,0.0,0.0,0.0,0.0,0.0,0.0,5.192073583602905,0.000234842300415,8.702278137207031e-05,0.0,383.0,1.0,0.0,0.0,0.0,0.0,13.0,,,,,,,,,,,,,,,,,,,,,,,,,,,,mpirun --allow-run-as-root -x LD_PRELOAD=/opt/darshan-install/lib/libdarshan.so -np 4 ior -a MPIIO -b 1304M -t 1304M -s 1 -w -e -o /tmp/val_50.dat -k
225,,0_ior_id66226-66226_4-9-58334-13324433267074818416_1.darshan,,,,,,,,,,,,,,,,,,,,,,,,,,,,,,,,,,,,,,,,,,,,,,,,,,,,,,,,,,,,,,,,,,,,,,,,,,,,,,,,33554432.0,1000.0,0.0,0.0,0.0,0.0,0.0,0.0,,,0.0,992.0,0.0,0.0,0.0,0.0,0.0,32768.0,0.0,,25.28916382789612,25.289047718048096,0.0,0.0,1.661768913269043,0.002638816833496,0.0441548824310302,0.0435447692871093,0.0,0.0,0.0,0.0,0.0,0.0,13.494234323501589,0.0449304580688476,25.23322081565857,0.0,4194303992.0,0.0,33554432.0,64.0,0.0,-8.0,3488.0,0.0,,0.0,0.0,0.0,0.0,1000.0,0.0,992.0,0.0,0.0,0.0,0.0,0.0,0.0,0.0,0.0,0.0,0.0,0.0,0.0,0.0,0.0,0.0,0.0,0.0,0.0,1000.0,0.0,0.0,0.0,0.0,0.0,0.0,0.0,0.0,0.0,0.0,0.0,0.0,,,,,,,,,,,,,,,,,,,,,,,,,,,,,,,,,,,,,,,,,,,,,,,,,,,,,,,,,,,,,,,,,,,,,,,,,,,,,,,,,,,,,,,,,,,,,,,,,,,,,,,,,,,,,,,,,,,,,,,,,,0.0,384.0,0.0,0.0,0.0,7.0,0.0,0.0,0.0,0.0,0.0,0.0,0.0,0.0,0.0,0.0,0.0,0.0,3.2216105461120605,0.0009794235229492,0.000439167022705,0.0,383.0,1.0,0.0,0.0,0.0,0.0,13.0,,,,,,,,,,,,,,,,,,,,,,,,,,,,mpirun --allow-run-as-root --oversubscribe -x LD_PRELOAD=/opt/darshan-install/lib/libdarshan.so -np 8 ior -a POSIX -b 4M -t 4M -s 125 -w -F -e -o /tmp/val_225.dat
83,,0_ior_id66287-66287_4-9-58338-2055624175765874714_1.darshan,,,,,,,,,,,,,,,,,,,,,,,,,,,,,,,,,,,,,,,,,0.0,0.0,0.0,1.0,0.0,0.9997317596566524,0.0,0.9997317596566524,0.0,0.0,1.0,0.49986591579511935,0.00026809651474530834,0.0,0.9994638069705094,0.00026809651474530834,0.0,0.0,0.0,0.0,1.0,0.0,,,,,,,,,,,,,,,,,,20971520.0,14912.0,0.0,0.0,0.0,0.0,0.0,0.0,0.0,78181826560.0,0.0,14908.0,0.0,0.0,0.0,0.0,0.0,16384.0,0.0,4.0,566.6535379886627,566.653514623642,0.0,0.0,80.43778967857361,0.0260632038116455,0.009063720703125,0.0089027881622314,0.0,0.0,0.0,0.0,0.0,0.0,552.2486832141876,0.0093245506286621,566.4325683116913,0.0,78181826556.0,0.0,20971520.0,32.0,0.0,-4.0,1744.0,4.0,0.0,0.0,0.0,0.0,0.0,14912.0,0.0,14908.0,0.0,0.0,0.0,0.0,0.0,0.0,0.0,0.0,0.0,0.0,0.0,0.0,0.0,0.0,0.0,0.0,0.0,0.0,0.0,14912.0,0.0,0.0,0.0,0.0,0.0,0.0,0.0,0.0,0.0,0.0,0.0,14912.0,,,,,,,,,,,,,,,,,,,,,,,,,,,,,,,,,,,,,,,,,,,,,,,,,,,,,,,,,,,,,,,,,,,,,,,,,,,,,,,,,,,,,,,,,,,,,,,,,,,,,,,,,,,,,,,,,,,,,,,,,0.0,384.0,0.0,0.0,0.0,7.0,0.0,0.0,0.0,0.0,0.0,0.0,0.0,0.0,0.0,0.0,0.0,0.0,142.5127203464508,0.0003509521484375,5.173683166503906e-05,0.0,383.0,1.0,0.0,0.0,0.0,0.0,13.0,,,,,,,,,,,,,,,,,,,,,,,,,,,,mpirun --allow-run-as-root -x LD_PRELOAD=/opt/darshan-install/lib/libdarshan.so -np 4 ior -a POSIX -b 5M -t 5M -s 3728 -w -F -e -o /tmp/val_83.dat
322,,0_ior_id67425-67425_4-9-58481-14042220360049200992_1.darshan,,,,,,,,,,,,,,,,,,,,,,,,,,,,,,,,,,,,,,,,,,,,,,,,,,,,,,,,,,,,,,,,,,,,,,,,,,,,,,,,14336000.0,864.0,0.0,0.0,0.0,0.0,0.0,0.0,,,0.0,856.0,0.0,0.0,0.0,0.0,0.0,32768.0,432.0,,14.02411675453186,14.024000883102415,0.0,0.0,0.1770071983337402,0.0020139217376708,0.311608076095581,0.3106985092163086,0.0,0.0,0.0,0.0,0.0,0.0,3.4941089153289795,0.3124094009399414,13.702951669692991,0.0,1548287992.0,0.0,14336000.0,64.0,0.0,-8.0,3488.0,4096.0,,0.0,0.0,0.0,0.0,864.0,0.0,856.0,0.0,0.0,0.0,0.0,0.0,0.0,0.0,0.0,0.0,0.0,0.0,0.0,0.0,0.0,0.0,0.0,0.0,0.0,864.0,0.0,0.0,0.0,0.0,0.0,0.0,0.0,0.0,0.0,0.0,0.0,0.0,,,,,,,,,,,,,,,,,,,,,,,,,,,,,,,,,,,,,,,,,,,,,,,,,,,,,,,,,,,,,,,,,,,,,,,,,,,,,,,,,,,,,,,,,,,,,,,,,,,,,,,,,,,,,,,,,,,,,,,,,,0.0,384.0,0.0,0.0,0.0,7.0,0.0,0.0,0.0,0.0,0.0,0.0,0.0,0.0,0.0,0.0,0.0,0.0,1.7993812561035156,0.0380141735076904,8.034706115722656e-05,0.0,383.0,1.0,0.0,0.0,0.0,0.0,13.0,,,,,,,,,,,,,,,,,,,,,,,,,,,,mpirun --allow-run-as-root --oversubscribe -x LD_PRELOAD=/opt/darshan-install/lib/libdarshan.so -np 8 ior -a POSIX -b 1750K -t 1750K -s 108 -w -F -e -o /tmp/val_322.dat
258,,0_ior_id67475-67475_4-9-58484-14390043874533603382_1.darshan,,,,,,,,,,,,,,,,,,,,,,,,,,,,,,,,,,,,,,,,,,,,,,0.01171875,,0.01171875,,,,,,,,,,,,0.0,0.0,0.015625,,,,,,,,,,,,,,,,,,29360128.0,4.0,0.0,0.0,0.0,0.0,0.0,0.0,,1048576.0,0.0,3.0,0.0,0.0,117440512.0,0.0,0.0,4096.0,0.0,256.0,0.3718905448913574,0.371882677078247,0.3640186786651611,0.0,0.0091712474822998,2.86102294921875e-05,0.0078353881835937,0.0078198909759521,0.0,0.0,0.0,0.3640186786651611,0.0,0.0,0.0411887168884277,0.0078532695770263,0.3639900684356689,0.0,117440511.0,0.0,29360128.0,8.0,0.0,-1.0,436.0,256.0,,0.0,0.0,0.0,0.0,4.0,0.0,3.0,0.0,0.0,0.0,0.0,0.0,0.0,0.0,0.0,0.0,0.0,0.0,0.0,0.0,0.0,0.0,4.0,0.0,0.0,0.0,0.0,0.0,117440512.0,,0.0,0.0,0.0,0.0,0.0,0.0,0.0,0.0,256.0,,,,,,,,,,,,,,,,,,,,,,,,,,,,,,,,,,,,,,,,,,,,,,,,,,,,,,,,,,,,,,,,,,,,,,,,,,,,,,,,,,,,,,,,,,,,,,,,,,,,,,,,,,,,,,,,,,,,,,,,,0.0,384.0,0.0,384.0,0.0,7.0,0.0,0.0,3.170967102050781e-05,0.0,0.0,0.0,0.0,0.0,0.0,3.170967102050781e-05,0.0,0.0,0.3781051635742187,0.0001611709594726,3.170967102050781e-05,0.0,383.0,1.0,0.0,0.0,0.0,384.0,13.0,,,,,,,,,,,,,,,,,,,,,,,,,,,,mpirun --allow-run-as-root -x LD_PRELOAD=/opt/darshan-install/lib/libdarshan.so -np 1 ior -a POSIX -b 28M -t 28M -s 4 -w -e -o /tmp/val_258_w.dat
207,,0_ior_id67832-67832_4-9-58525-10740008245915185893_1.darshan,,,,,,,,,,,,,,,,,,,,,,,,,,,,,,,,,,,,,,,,,,,,,,,,,,,,,,,,,,,,,,,,,,,,,,,,,,,,,,,,176128.0,448.0,0.0,0.0,0.0,0.0,0.0,0.0,,,0.0,0.0,0.0,19.0,1232896.0,0.0,0.0,4096.0,0.0,,0.2120492458343505,0.1234271526336669,0.0622494220733642,0.0,0.0351393222808837,0.0013327598571777,0.0611522197723388,0.0491070747375488,0.0,0.0,0.0,0.1595771312713623,0.0,0.0010210130498865,0.1139822006225586,0.049220323562622,8.955869436264038,0.0,78905343.0,0.0,176128.0,8.0,0.0,-1.0,436.0,8192.0,,0.0,0.0,0.0,0.0,448.0,0.0,447.0,0.0,0.0,0.0,0.0,0.0,0.0,0.0,0.0,0.0,0.0,0.0,448.0,0.0,0.0,0.0,0.0,0.0,0.0,0.0,0.0,9.0,1232896.0,0.0,384.0,11096064.0,0.0,0.0,0.0,0.0,0.0,0.0,,,,,,,,,,,,,,,,,,,,,,,,,,,,,,,,,,,,,,,,,,,,,,,,,,,,,,,,,,,,,,,,,,,,,,,,,,,,,,,,,,,,,,,,,,,,,,,,,,,,,,,,,,,,,,,,,,,,,,,,,,0.0,384.0,0.0,0.0,0.0,7.0,0.0,0.0,0.0,0.0,0.0,0.0,0.0,0.0,0.0,0.0,0.0,0.0,0.2323110103607177,0.0469591617584228,0.0005707740783691,0.0,383.0,1.0,0.0,0.0,0.0,0.0,13.0,,,,,,,,,,,,,,,,,,,,,,,,,,,,mpirun --allow-run-as-root --oversubscribe -x LD_PRELOAD=/opt/darshan-install/lib/libdarshan.so -np 64 ior -a POSIX -b 172K -t 172K -s 7 -w -e -o /tmp/val_207_w.dat
193,,0_ior_id68469-68469_4-9-58528-9818240585137196312_1.darshan,,,,,,,,,,,,,,,,,,,,,,,,,,,,,,,,,,,,,,,,,0.0,0.0,0.0,1.0,0.0,0.0,0.0,0.9976004799040192,0.0,0.0,1.0,0.8339169584792396,0.8012048192771084,0.0,0.006024096385542169,0.1927710843373494,0.0,0.0,0.0,0.001799640071985603,0.9982003599280144,0.0,,,,,,,,,,,,,,,,,,2097232.0,1667.0,0.0,0.0,0.0,0.0,0.0,0.0,0.0,3489661048.0,0.0,0.0,0.0,72.0,0.0,0.0,0.0,536576.0,0.0,64.0,22.83078384399414,13.32735824584961,0.5916159152984619,0.0,0.023902416229248,0.0117750167846679,22.82630443572998,8.579056978225708,0.0,0.0,0.0,1.50130295753479,2.081155609054415e+16,0.0670195924569969,8.902741193771362,4.829871654510498,46.44661474227905,0.0,3489661005.0,0.0,2097232.0,1048.0,0.0,-131.0,54600.0,266.0,0.0,0.0,0.0,0.0,0.0,2.0,0.0,1663.0,0.0,0.0,0.0,0.0,0.0,0.0,0.0,0.0,0.0,0.0,3.0,0.0,0.0,0.0,0.0,0.0,0.0,0.0,1664.0,0.0,8.0,436207656.0,0.0,1656.0,14680064.0,0.0,0.0,0.0,0.0,0.0,0.0,1667.0,,,,,,,,,,,,,,,,,,,,,,,,,,,262144.0,13312.0,0.0,0.0,0.0,0.0,0.0,0.0,0.0,3489660928.0,64.0,0.0,13312.0,61.0,54525952.0,4.7640907764434814,4.752551555633545,4.687930107116699,0.0,0.1086354255676269,1.2945189476013184,4.764068603515625,0.0163571834564209,0.0,0.0,0.0,4.743811368942261,0.0,4.7672462647127545e-05,4.110491752624512,0.0323061943054199,301.98826146125793,66.0,2.0,0.0,0.0,0.0,262144.0,37.0,0.0,0.0,0.0,0.0,0.0,0.0,0.0,0.0,0.0,0.0,0.0,0.0,0.0,0.0,13312.0,0.0,0.0,0.0,0.0,0.0,0.0,0.0,0.0,59.0,54525952.0,0.0,0.0,64.0,0.0,,,,,,,,,,,,,,,,,,,,,,,,,,,0.0,384.0,0.0,0.0,0.0,7.0,0.0,0.0,0.0,0.0,0.0,0.0,0.0,0.0,0.0,0.0,0.0,0.0,4.949561595916748,0.0139763355255126,5.412101745605469e-05,0.0,383.0,1.0,0.0,0.0,0.0,0.0,13.0,,,,,,,,,,,,,,,,,,,,,,,,,,,,mpirun --allow-run-as-root --oversubscribe -x LD_PRELOAD=/opt/darshan-install/lib/libdarshan.so -np 64 ior -a MPIIO -b 256K -t 256K -s 208 -w -c -e -o /tmp/val_193.dat
138,,0_ior_id68715-68715_4-9-58534-9214918670414610368_1.darshan,,,,,,,,,,,,,,,,,,,,,,,,,,,,,,,,,,,,,,,,,,,,,,5.328125,,5.328125,,,,,,,,,,,,5.3359375,0.0,0.0,,,,,,,,,,,,,,,,,,33792.0,683.0,0.0,0.0,0.0,0.0,0.0,0.0,,8388608.0,0.0,682.0,0.0,0.0,23079936.0,0.0,0.0,4096.0,512.0,128.0,0.0186645984649658,0.0186598300933837,0.018237829208374,0.0,0.0002315044403076,0.0001788139343261,0.0002837181091308,0.0002655982971191,0.0,0.0,0.0,0.018237829208374,0.0,0.0,0.005925178527832,0.0002903938293457,0.0180590152740478,0.0,23079935.0,0.0,33792.0,8.0,0.0,-1.0,436.0,128.0,,0.0,0.0,0.0,0.0,683.0,0.0,682.0,0.0,0.0,0.0,0.0,0.0,0.0,0.0,0.0,0.0,0.0,0.0,0.0,0.0,0.0,683.0,0.0,0.0,0.0,0.0,0.0,0.0,23079936.0,,0.0,0.0,0.0,0.0,0.0,0.0,0.0,0.0,128.0,,,,,,,,,,,,,,,,,,,,,,,,,,,,,,,,,,,,,,,,,,,,,,,,,,,,,,,,,,,,,,,,,,,,,,,,,,,,,,,,,,,,,,,,,,,,,,,,,,,,,,,,,,,,,,,,,,,,,,,,,0.0,384.0,0.0,384.0,0.0,7.0,0.0,0.0,2.5272369384765625e-05,0.0,0.0,0.0,0.0,0.0,0.0,2.5272369384765625e-05,0.0,0.0,0.0195176601409912,0.0001347064971923,2.5272369384765625e-05,0.0,383.0,1.0,0.0,0.0,0.0,384.0,13.0,,,,,,,,,,,,,,,,,,,,,,,,,,,,mpirun --allow-run-as-root -x LD_PRELOAD=/opt/darshan-install/lib/libdarshan.so -np 1 ior -a POSIX -b 33K -t 33K -s 683 -w -e -o /tmp/val_138_w.dat
64,,0_ior_id68756-68756_4-9-58536-10595235231391317005_1.darshan,,,,,,,,,,,,,,,,,,,,,,,,,,,,,,,,,,,,,,,,,,,,,,,,,,,,,,,,,,,,,,,,,,,,,,,,,,,,,,,,344064.0,545536.0,0.0,0.0,0.0,0.0,0.0,0.0,,,0.0,545520.0,0.0,0.0,0.0,0.0,0.0,65536.0,409152.0,,150.4745831489563,150.47437405586243,0.0,0.0,3.9483659267425537,0.711738109588623,0.0708811283111572,0.0702953338623046,0.0,0.0,0.0,0.0,0.0,0.0,110.89024949073792,0.0718300342559814,148.8564007282257,0.0,11731206128.0,0.0,344064.0,128.0,0.0,-16.0,6976.0,4096.0,,0.0,0.0,0.0,0.0,545536.0,0.0,545520.0,0.0,0.0,0.0,0.0,0.0,0.0,0.0,0.0,0.0,0.0,0.0,0.0,0.0,0.0,545536.0,0.0,0.0,0.0,0.0,0.0,0.0,0.0,0.0,0.0,0.0,0.0,0.0,0.0,0.0,0.0,0.0,,,,,,,,,,,,,,,,,,,,,,,,,,,,,,,,,,,,,,,,,,,,,,,,,,,,,,,,,,,,,,,,,,,,,,,,,,,,,,,,,,,,,,,,,,,,,,,,,,,,,,,,,,,,,,,,,,,,,,,,,,0.0,384.0,0.0,0.0,0.0,7.0,0.0,0.0,0.0,0.0,0.0,0.0,0.0,0.0,0.0,0.0,0.0,0.0,9.562191247940063,0.0014071464538574,7.152557373046875e-05,0.0,383.0,1.0,0.0,0.0,0.0,0.0,13.0,,,,,,,,,,,,,,,,,,,,,,,,,,,,mpirun --allow-run-as-root --oversubscribe -x LD_PRELOAD=/opt/darshan-install/lib/libdarshan.so -np 16 ior -a POSIX -b 21K -t 21K -s 34096 -w -F -e -o /tmp/val_64_w.dat
